{ "total_ram": 7851324, "free_ram": 949608, "ram_usage_percentage": 87.905122753818333, "total_swap": 7851004, "free_swap": 6716924, "swap_usage_percentage": 14.445031488966251 }