{ "total_ram": 7851312, "free_ram": 429808, "ram_usage_percentage": 94.525653801555706, "total_swap": 7851004, "free_swap": 6757116, "swap_usage_percentage": 13.933096964413725 }