{ "total_ram": 7851320, "free_ram": 339904, "ram_usage_percentage": 95.670740716210773, "total_swap": 7851004, "free_swap": 6014800, "swap_usage_percentage": 23.388142459231968 }