{ "total_ram": 7851312, "free_ram": 427348, "ram_usage_percentage": 94.556986144481328, "total_swap": 7851004, "free_swap": 6758908, "swap_usage_percentage": 13.910271858223483 }