{ "total_ram": 7851324, "free_ram": 667224, "ram_usage_percentage": 91.501764543152206, "total_swap": 7851004, "free_swap": 7543292, "swap_usage_percentage": 3.919396805809805 }