{ "total_ram": 7851324, "free_ram": 451436, "ram_usage_percentage": 94.250192706351186, "total_swap": 7851004, "free_swap": 7614716, "swap_usage_percentage": 3.0096532876559485 }