{ "total_ram": 7851320, "free_ram": 306572, "ram_usage_percentage": 96.095280793548085, "total_swap": 7851004, "free_swap": 6015568, "swap_usage_percentage": 23.378360270864722 }