{ "total_ram": 7851312, "free_ram": 368812, "ram_usage_percentage": 95.302543065413786, "total_swap": 7851004, "free_swap": 6394876, "swap_usage_percentage": 18.547029144297976 }