{ "total_ram": 7851320, "free_ram": 260396, "ram_usage_percentage": 96.683411197098067, "total_swap": 7851004, "free_swap": 6014800, "swap_usage_percentage": 23.388142459231968 }