{ "total_ram": 7851320, "free_ram": 356452, "ram_usage_percentage": 95.459973609533179, "total_swap": 7851004, "free_swap": 6023248, "swap_usage_percentage": 23.280538387192262 }