{ "total_ram": 7851320, "free_ram": 307612, "ram_usage_percentage": 96.082034613287959, "total_swap": 7851004, "free_swap": 6196560, "swap_usage_percentage": 21.073024545650469 }