{ "cpu_usage": 5.3829717636108398, "mem_usage": 97.009521484375 }