{ "total_ram": 7851328, "free_ram": 503476, "ram_usage_percentage": 93.587377829585009, "total_swap": 7851004, "free_swap": 5721400, "swap_usage_percentage": 27.125244108906326 }